"start";"end";"Entry Title";"Date & Time of observation";"Location of observation";"_Location of observation_latitude";"_Location of observation_longitude";"_Location of observation_altitude";"_Location of observation_precision";"Overview Photo";"Overview Photo_URL";"Close-Up Photo";"Close-Up Photo_URL";"Material Type";"Material Type - Other";"Component Type";"Component Type - Other";"Approximate Quantity";"Approximate Size";"Condition/Intact / reusable as found";"Condition/Usable with cleaning";"Condition/Usable with repair";"Condition/Damaged but useful";"Condition/Broken fragments only";"Condition/Contaminated / dirty";"Condition/Unsafe / hazardous";"Possible reuse idea";"Additional notes";"_id";"_uuid";"_submission_time";"_validation_status";"_status";"_submitted_by";"__version__";"meta/rootUuid";"_index"
"2026-07-02T14:52:44.773+09:00";"2026-07-02T14:53:45.037+09:00";"test";"2026-07-02T14:52:00+09:00";"37.556695 126.906352 31.5959606170654 100";"37.556695";"126.906352";"31.5959606170654";"100";"2026-07-0214.52.594791302078515599475-14_53_9.jpg";"https://kf.kobotoolbox.org/api/v2/assets/a4e7otemHkwX3FFoUrn4T7/data/799436291/attachments/attza9fHAFN9CAuyWCLntK2U/";"2026-07-0214.53.111249886499533534091-14_53_17.jpg";"https://kf.kobotoolbox.org/api/v2/assets/a4e7otemHkwX3FFoUrn4T7/data/799436291/attachments/atthtrhKVaK9VYxYW8D9nctp/";"Ceramic / Tile / Brick";"";"Container / box / crate";"";"2-5 items";"Small (fits in one hand)";"0";"1";"1";"0";"0";"0";"0";"roof";"nothinf";"799436291";"099f2d4a-ce12-47dd-9c6c-8b5c6c196be4";"2026-07-02T05:53:47";"";"submitted_via_web";"";"vHJo9TTmpXYnZikArJN6jE";"uuid:099f2d4a-ce12-47dd-9c6c-8b5c6c196be4";"1"
"2026-07-02T15:02:01.981+09:00";"2026-07-02T15:05:47.617+09:00";"Test";"2026-07-02T15:05:00+09:00";"37.556639 126.906364 22.905915342829 9.268041022271161";"37.556639";"126.906364";"22.905915342829";"9.268041022271161";"image-15_5_18.jpg";"https://kf.kobotoolbox.org/api/v2/assets/a4e7otemHkwX3FFoUrn4T7/data/799445808/attachments/att9caFwvqamqczperDJmFq6/";"image-15_5_25.jpg";"https://kf.kobotoolbox.org/api/v2/assets/a4e7otemHkwX3FFoUrn4T7/data/799445808/attachments/attowzU9ZWz5ayyDsTnVxvsJ/";"Paper / Cardboard";"";"Profile / beam / bar";"";"2-5 items";"Small (fits in one hand)";"0";"0";"0";"1";"0";"0";"0";"";"";"799445808";"f54d8e20-e715-49f9-b01b-acdbe6a1b3f2";"2026-07-02T06:05:54";"";"submitted_via_web";"";"vHJo9TTmpXYnZikArJN6jE";"uuid:f54d8e20-e715-49f9-b01b-acdbe6a1b3f2";"2"
"2026-07-03T22:13:39.417+09:00";"2026-07-03T22:22:49.845+09:00";"shopping cart";"2026-07-03T22:14:00+09:00";"37.557652 127.137314 21.912169353105128 13.062473935303961";"37.557652";"127.137314";"21.912169353105128";"13.062473935303961";"IMG_4094-22_15_29.jpeg";"https://kf.kobotoolbox.org/api/v2/assets/a4e7otemHkwX3FFoUrn4T7/data/801161684/attachments/attYGrt8HE2npYSfGUgRSe64/";"IMG_4100-22_20_55.jpeg";"https://kf.kobotoolbox.org/api/v2/assets/a4e7otemHkwX3FFoUrn4T7/data/801161684/attachments/attPgQpXUGt82Px3DhTCS6z7/";"Metal";"";"Other";"Mobile object";"2-5 items";"Medium (can be carried by one person)";"1";"0";"0";"0";"0";"0";"0";"movable fence";"";"801161684";"d6e49d02-47fb-48cc-bc94-22ed180a60e8";"2026-07-03T13:23:19";"";"submitted_via_web";"";"vHJo9TTmpXYnZikArJN6jE";"uuid:d6e49d02-47fb-48cc-bc94-22ed180a60e8";"3"
"2026-07-03T22:22:49.870+09:00";"2026-07-03T22:26:37.411+09:00";"steel pipe";"2026-07-03T22:24:00+09:00";"37.557672 127.137341 21.708870351314545 8.431786404451165";"37.557672";"127.137341";"21.708870351314545";"8.431786404451165";"IMG_4101-22_25_2.jpeg";"https://kf.kobotoolbox.org/api/v2/assets/a4e7otemHkwX3FFoUrn4T7/data/801167518/attachments/attJwLvy5VdErgpv3kBbeEDy/";"IMG_4102-22_25_7.jpeg";"https://kf.kobotoolbox.org/api/v2/assets/a4e7otemHkwX3FFoUrn4T7/data/801167518/attachments/att5rX6vP6WXwJHYGZbycK4p/";"Metal";"";"Tube / pipe";"";"Pile / bulk material";"Large (needs two people)";"0";"1";"0";"0";"0";"0";"0";"";"Presumably debris left after the demolition of a plastic greenhouse.";"801167518";"542845af-152b-44ac-ab66-ba3a13443a60";"2026-07-03T13:26:40";"";"submitted_via_web";"";"vHJo9TTmpXYnZikArJN6jE";"uuid:542845af-152b-44ac-ab66-ba3a13443a60";"4"
"2026-07-03T22:26:37.435+09:00";"2026-07-03T22:37:44.710+09:00";"rotatable bulletin board";"2026-07-03T22:35:00+09:00";"37.554756 127.137593 33.462457060096945 16.254046268122227";"37.554756";"127.137593";"33.462457060096945";"16.254046268122227";"IMG_4103-22_35_43.jpeg";"https://kf.kobotoolbox.org/api/v2/assets/a4e7otemHkwX3FFoUrn4T7/data/801187164/attachments/attmHiRsEEGMfsM4qFdxExUm/";"IMG_4104-22_35_49.jpeg";"https://kf.kobotoolbox.org/api/v2/assets/a4e7otemHkwX3FFoUrn4T7/data/801187164/attachments/attipSGxjX7VpUBv2sKvpAUk/";"Metal";"";"Sheet / panel";"";"Single item";"Medium (can be carried by one person)";"0";"1";"0";"0";"0";"0";"0";"solar collector";"";"801187164";"dccbe9ce-7681-4325-92cd-77f2e8227ff3";"2026-07-03T13:37:47";"";"submitted_via_web";"";"vHJo9TTmpXYnZikArJN6jE";"uuid:dccbe9ce-7681-4325-92cd-77f2e8227ff3";"5"
"2026-07-04T08:32:21.151+09:00";"2026-07-04T08:55:29.596+09:00";"vacuum cleaner";"2026-07-03T22:06:00+09:00";"37.580051 126.933908 0 0";"37.580051";"126.933908";"0";"0";"20260703_220433-8_42_24.jpg";"https://kf.kobotoolbox.org/api/v2/assets/a4e7otemHkwX3FFoUrn4T7/data/801773970/attachments/attPEgC8EDm2bJ3SkVWHtZES/";"20260703_220558-8_42_34.jpg";"https://kf.kobotoolbox.org/api/v2/assets/a4e7otemHkwX3FFoUrn4T7/data/801773970/attachments/attc9WDuX2TA7yFWPXvVpzUo/";"Electronic / Appliance";"";"Electronic device/component";"";"2-5 items";"Medium (can be carried by one person)";"1";"1";"0";"0";"0";"0";"0";"The linear metallic tube can be programmatically disassembled and integrated into a digital assembly.";"신촌동주민센터";"801773970";"42979992-f77a-441b-a1c3-6925d589394c";"2026-07-03T23:55:32";"";"submitted_via_web";"";"vHJo9TTmpXYnZikArJN6jE";"uuid:42979992-f77a-441b-a1c3-6925d589394c";"6"
"2026-07-04T11:13:50.727+09:00";"2026-07-04T11:15:45.066+09:00";"Empty bottle";"2026-07-04T11:14:00+09:00";"37.560984 126.936562 45.307672255331134 11.002442566376732";"37.560984";"126.936562";"45.307672255331134";"11.002442566376732";"image-11_14_32.jpg";"https://kf.kobotoolbox.org/api/v2/assets/a4e7otemHkwX3FFoUrn4T7/data/801792374/attachments/attnha4aWnPvFsi6BaBEAVJk/";"image-11_14_49.jpg";"https://kf.kobotoolbox.org/api/v2/assets/a4e7otemHkwX3FFoUrn4T7/data/801792374/attachments/attDyiqUuwF4RDFMvHADC443/";"Plastic";"";"Tube / pipe";"";"Single item";"Small (fits in one hand)";"0";"1";"0";"0";"0";"0";"0";"Joints";"";"801792374";"cc768261-51c9-4ef3-b64c-69c3cecec5bc";"2026-07-04T02:15:46";"";"submitted_via_web";"";"vHJo9TTmpXYnZikArJN6jE";"uuid:cc768261-51c9-4ef3-b64c-69c3cecec5bc";"7"
"2026-07-04T15:47:40.289+09:00";"2026-07-04T15:49:36.516+09:00";"Fabric";"2026-07-04T15:47:00+09:00";"37.56111 127.061006 23.882347787730396 14.245954590575854";"37.56111";"127.061006";"23.882347787730396";"14.245954590575854";"image-15_48_4.jpg";"https://kf.kobotoolbox.org/api/v2/assets/a4e7otemHkwX3FFoUrn4T7/data/801865023/attachments/att68aZFZTcNh9MVjhLfV63v/";"image-15_48_12.jpg";"https://kf.kobotoolbox.org/api/v2/assets/a4e7otemHkwX3FFoUrn4T7/data/801865023/attachments/attcQDCwJZ5FHMS8rtxoqtsp/";"Textile";"";"Fabric / flexible sheet";"";"2-5 items";"Large (needs two people)";"0";"0";"0";"0";"0";"1";"0";"";"";"801865023";"79130de7-da6c-4276-b520-6d9f1e2de0dc";"2026-07-04T06:52:27";"";"submitted_via_web";"";"vHJo9TTmpXYnZikArJN6jE";"uuid:79130de7-da6c-4276-b520-6d9f1e2de0dc";"8"
"2026-07-04T15:49:36.559+09:00";"2026-07-04T16:05:49.150+09:00";"Plastic";"2026-07-04T16:04:00+09:00";"37.561086 127.066757 51.91101423833888 6.78838369424054";"37.561086";"127.066757";"51.91101423833888";"6.78838369424054";"image-16_4_55.jpg";"https://kf.kobotoolbox.org/api/v2/assets/a4e7otemHkwX3FFoUrn4T7/data/801871182/attachments/attq9eB2Wp5dYAgbrboCSP8j/";"image-16_5_6.jpg";"https://kf.kobotoolbox.org/api/v2/assets/a4e7otemHkwX3FFoUrn4T7/data/801871182/attachments/attGADvgYraNwnx7wDJ7fRxE/";"Plastic";"";"Bottle / can / vessel";"";"Pile / bulk material";"Medium (can be carried by one person)";"0";"1";"0";"0";"0";"0";"0";"";"";"801871182";"b272e58f-5100-4bdb-8c9f-d53e65f37cfe";"2026-07-04T07:05:54";"";"submitted_via_web";"";"vHJo9TTmpXYnZikArJN6jE";"uuid:b272e58f-5100-4bdb-8c9f-d53e65f37cfe";"9"
"2026-07-04T11:13:50.410+09:00";"2026-07-04T16:15:11.988+09:00";"Cardboard";"2026-07-04T11:14:00+09:00";"37.596122 127.060743 45.97796251811087 22.438618100792464";"37.596122";"127.060743";"45.97796251811087";"22.438618100792464";"image-16_13_0.jpg";"https://kf.kobotoolbox.org/api/v2/assets/a4e7otemHkwX3FFoUrn4T7/data/801875393/attachments/attPWkBBM5tyuBMvkZ5bAjVi/";"image-16_13_10.jpg";"https://kf.kobotoolbox.org/api/v2/assets/a4e7otemHkwX3FFoUrn4T7/data/801875393/attachments/attUcKpM9NAVKcQykDrXsjkp/";"Paper / Cardboard";"";"Container / box / crate";"";"2-5 items";"Medium (can be carried by one person)";"0";"1";"0";"0";"0";"0";"0";"";"";"801875393";"c0a1e316-230d-42e6-8620-494526af016f";"2026-07-04T07:15:14";"";"submitted_via_web";"";"vHJo9TTmpXYnZikArJN6jE";"uuid:c0a1e316-230d-42e6-8620-494526af016f";"10"
"2026-07-04T16:05:49.189+09:00";"2026-07-04T17:12:15.816+09:00";"Wood";"2026-07-04T17:11:00+09:00";"37.54486 127.088458 33.38301001052544 21.707657459788788";"37.54486";"127.088458";"33.38301001052544";"21.707657459788788";"image-17_11_38.jpg";"https://kf.kobotoolbox.org/api/v2/assets/a4e7otemHkwX3FFoUrn4T7/data/801902860/attachments/attVjS4hnqnwp2MGhftNeDPY/";"image-17_11_46.jpg";"https://kf.kobotoolbox.org/api/v2/assets/a4e7otemHkwX3FFoUrn4T7/data/801902860/attachments/attZDdhBQhQVBJa5tabe3mF9/";"Wood";"";"Board / plank";"";"2-5 items";"Large (needs two people)";"0";"0";"0";"1";"0";"0";"0";"";"";"801902860";"af704da2-a98f-414c-a71a-7568fe18b66c";"2026-07-04T08:12:18";"";"submitted_via_web";"";"vHJo9TTmpXYnZikArJN6jE";"uuid:af704da2-a98f-414c-a71a-7568fe18b66c";"11"
"2026-07-04T17:12:15.860+09:00";"2026-07-04T17:18:11.814+09:00";"Wood Stuff";"2026-07-04T17:17:00+09:00";"37.544936 127.084785 30.56 26.45436389546944";"37.544936";"127.084785";"30.56";"26.45436389546944";"image-17_16_45.jpg";"https://kf.kobotoolbox.org/api/v2/assets/a4e7otemHkwX3FFoUrn4T7/data/801905786/attachments/attyc7TnqVspe8eTGUWAx4Lj/";"image-17_16_56.jpg";"https://kf.kobotoolbox.org/api/v2/assets/a4e7otemHkwX3FFoUrn4T7/data/801905786/attachments/attNqwqEPhM9aVfRLmBc7GnR/";"Wood";"";"Board / plank";"";"2-5 items";"Large (needs two people)";"0";"0";"0";"1";"0";"0";"0";"";"";"801905786";"9486cd5b-ce3b-465e-be3f-28370b1659a4";"2026-07-04T08:18:18";"";"submitted_via_web";"";"vHJo9TTmpXYnZikArJN6jE";"uuid:9486cd5b-ce3b-465e-be3f-28370b1659a4";"12"
"2026-07-04T17:18:11.854+09:00";"2026-07-04T17:27:58.033+09:00";"Fabric drawer";"2026-07-04T17:27:00+09:00";"37.546616 127.075649 27.988345374746345 7.3395082706464825";"37.546616";"127.075649";"27.988345374746345";"7.3395082706464825";"image-17_27_19.jpg";"https://kf.kobotoolbox.org/api/v2/assets/a4e7otemHkwX3FFoUrn4T7/data/801912039/attachments/attAbmWBkcftfHPdu8xtDSBo/";"image-17_27_28.jpg";"https://kf.kobotoolbox.org/api/v2/assets/a4e7otemHkwX3FFoUrn4T7/data/801912039/attachments/attv88y24abPg8RWzwcdiM79/";"Composite / Mixed";"";"Fabric / flexible sheet";"";"2-5 items";"Medium (can be carried by one person)";"0";"1";"0";"0";"0";"0";"0";"";"";"801912039";"daadd48c-2608-4235-9c08-45c26fa93192";"2026-07-04T08:28:01";"";"submitted_via_web";"";"vHJo9TTmpXYnZikArJN6jE";"uuid:daadd48c-2608-4235-9c08-45c26fa93192";"13"
"2026-07-04T17:27:58.070+09:00";"2026-07-04T17:31:06.478+09:00";"Glass";"2026-07-04T17:29:00+09:00";"37.546774 127.074545 24.946195110678673 6.099028466739737";"37.546774";"127.074545";"24.946195110678673";"6.099028466739737";"image-17_29_37.jpg";"https://kf.kobotoolbox.org/api/v2/assets/a4e7otemHkwX3FFoUrn4T7/data/801913931/attachments/attydfhhhMMj2VbPNCfuovKB/";"image-17_29_45.jpg";"https://kf.kobotoolbox.org/api/v2/assets/a4e7otemHkwX3FFoUrn4T7/data/801913931/attachments/attPy9aWhjehnJd8LuMbGmgZ/";"Glass";"";"Bottle / can / vessel";"";"6-20 items";"Medium (can be carried by one person)";"0";"1";"0";"0";"0";"0";"0";"Break it into pieces and use it as an auditory or visual element";"";"801913931";"4acfc042-9cc9-4844-93e4-527b4da25f33";"2026-07-04T08:31:09";"";"submitted_via_web";"";"vHJo9TTmpXYnZikArJN6jE";"uuid:4acfc042-9cc9-4844-93e4-527b4da25f33";"14"
"2026-07-04T17:31:06.512+09:00";"2026-07-04T17:34:15.330+09:00";"Foam";"2026-07-04T17:33:00+09:00";"37.545895 127.073638 39.008356618123926 13.808358402578529";"37.545895";"127.073638";"39.008356618123926";"13.808358402578529";"image-17_33_46.jpg";"https://kf.kobotoolbox.org/api/v2/assets/a4e7otemHkwX3FFoUrn4T7/data/801916169/attachments/attGDQPTrL2NzffQ8b3ehxwi/";"image-17_33_55.jpg";"https://kf.kobotoolbox.org/api/v2/assets/a4e7otemHkwX3FFoUrn4T7/data/801916169/attachments/attQb8rRNmPfyNmKT5tMPBpf/";"Foam / Insulation";"";"Container / box / crate";"";"2-5 items";"Medium (can be carried by one person)";"1";"0";"0";"0";"0";"0";"0";"";"";"801916169";"b9cf0ddb-a3cf-4438-9c5e-3eea58971b21";"2026-07-04T08:34:36";"";"submitted_via_web";"";"vHJo9TTmpXYnZikArJN6jE";"uuid:b9cf0ddb-a3cf-4438-9c5e-3eea58971b21";"15"
"2026-07-04T17:34:15.368+09:00";"2026-07-04T17:36:38.928+09:00";"Box";"2026-07-04T17:35:00+09:00";"37.545226 127.073216 58.44599876087159 8.93880273846815";"37.545226";"127.073216";"58.44599876087159";"8.93880273846815";"image-17_35_22.jpg";"https://kf.kobotoolbox.org/api/v2/assets/a4e7otemHkwX3FFoUrn4T7/data/801917606/attachments/attZemvadsTrZAapMF2jwtBC/";"image-17_35_56.jpg";"https://kf.kobotoolbox.org/api/v2/assets/a4e7otemHkwX3FFoUrn4T7/data/801917606/attachments/atto44JKzRscLZoo3eLxY6U6/";"Paper / Cardboard";"";"Container / box / crate";"";"6-20 items";"Medium (can be carried by one person)";"0";"1";"0";"0";"0";"0";"0";"";"";"801917606";"80464b69-4e11-42ad-80aa-d7231b48fe0f";"2026-07-04T08:36:41";"";"submitted_via_web";"";"vHJo9TTmpXYnZikArJN6jE";"uuid:80464b69-4e11-42ad-80aa-d7231b48fe0f";"16"
"2026-07-04T17:36:38.964+09:00";"2026-07-04T17:39:52.707+09:00";"Plastic";"2026-07-04T17:39:00+09:00";"37.5449 127.071051 33.32682939536533 56.08114113058051";"37.5449";"127.071051";"33.32682939536533";"56.08114113058051";"image-17_39_32.jpg";"https://kf.kobotoolbox.org/api/v2/assets/a4e7otemHkwX3FFoUrn4T7/data/801919823/attachments/attQreGQW8A7jL9dHoYcpGCY/";"image-17_39_38.jpg";"https://kf.kobotoolbox.org/api/v2/assets/a4e7otemHkwX3FFoUrn4T7/data/801919823/attachments/attuiNQfZz6CF5Mcn97narXY/";"Plastic";"";"Bottle / can / vessel";"";"2-5 items";"Large (needs two people)";"1";"0";"0";"0";"0";"0";"0";"";"";"801919823";"623a9d99-1a60-4e4c-bc0a-e640539895b7";"2026-07-04T08:39:56";"";"submitted_via_web";"";"vHJo9TTmpXYnZikArJN6jE";"uuid:623a9d99-1a60-4e4c-bc0a-e640539895b7";"17"
"2026-07-04T17:38:27.756+09:00";"2026-07-04T17:44:05.372+09:00";"Wooden Pallet";"2026-07-04T17:38:00+09:00";"37.620988 127.074475 21.691773132522783 39.76464378440594";"37.620988";"127.074475";"21.691773132522783";"39.76464378440594";"IMG_0923-17_40_54.jpeg";"https://kf.kobotoolbox.org/api/v2/assets/a4e7otemHkwX3FFoUrn4T7/data/801922765/attachments/attjY86XdioXqYKpRXtzTTZg/";"image-17_42_37.jpg";"https://kf.kobotoolbox.org/api/v2/assets/a4e7otemHkwX3FFoUrn4T7/data/801922765/attachments/attd9tZWiuMqEVD4ttoTMtjc/";"Wood";"";"Frame";"";"Single item";"Large (needs two people)";"0";"1";"0";"1";"0";"1";"0";"assembly, furniture, structure";"broken";"801922765";"2e4bf079-94dc-4cf0-a654-58b40296f14b";"2026-07-04T08:44:09";"";"submitted_via_web";"";"vHJo9TTmpXYnZikArJN6jE";"uuid:2e4bf079-94dc-4cf0-a654-58b40296f14b";"18"
"2026-07-04T17:39:52.745+09:00";"2026-07-04T17:45:34.270+09:00";"Foam";"2026-07-04T17:45:00+09:00";"37.542761 127.064309 39.633733081169986 16.857270477940723";"37.542761";"127.064309";"39.633733081169986";"16.857270477940723";"image-17_44_50.jpg";"https://kf.kobotoolbox.org/api/v2/assets/a4e7otemHkwX3FFoUrn4T7/data/801923753/attachments/attdcfCf2Qiu8FWVXVh9eP9B/";"image-17_44_59.jpg";"https://kf.kobotoolbox.org/api/v2/assets/a4e7otemHkwX3FFoUrn4T7/data/801923753/attachments/atthhC8QMtw7zLEa6Xcx8ic2/";"Foam / Insulation";"";"Container / box / crate";"";"6-20 items";"Large (needs two people)";"0";"1";"0";"0";"0";"0";"0";"";"";"801923753";"715cef57-5084-41eb-b801-e06a18c8223f";"2026-07-04T08:45:38";"";"submitted_via_web";"";"vHJo9TTmpXYnZikArJN6jE";"uuid:715cef57-5084-41eb-b801-e06a18c8223f";"19"
"2026-07-04T17:44:05.425+09:00";"2026-07-04T17:50:51.217+09:00";"Plastic Bucket";"2026-07-04T17:47:00+09:00";"37.620722 127.074598 24.618074056521678 33.00337502542932";"37.620722";"127.074598";"24.618074056521678";"33.00337502542932";"IMG_0927-17_47_53.jpeg";"https://kf.kobotoolbox.org/api/v2/assets/a4e7otemHkwX3FFoUrn4T7/data/801926240/attachments/attskPCnk3dUXh7hAixhPvp8/";"IMG_0926-17_48_0.jpeg";"https://kf.kobotoolbox.org/api/v2/assets/a4e7otemHkwX3FFoUrn4T7/data/801926240/attachments/attLTYpPJgbbb25F6Q9xB8dL/";"Plastic";"";"Bottle / can / vessel";"";"Single item";"Medium (can be carried by one person)";"1";"1";"0";"0";"0";"1";"0";"Structure";"Contains heavy adhesive residue. Can be utilized as a weighted base anchor without cleaning.";"801926240";"9a18743a-06d5-40c2-bf0d-d188f557c011";"2026-07-04T08:50:54";"";"submitted_via_web";"";"vHJo9TTmpXYnZikArJN6jE";"uuid:9a18743a-06d5-40c2-bf0d-d188f557c011";"20"
"2026-07-04T17:45:34.310+09:00";"2026-07-04T17:54:00.599+09:00";"Wood";"2026-07-04T17:53:00+09:00";"37.542896 127.061099 27.20690052670094 12.196499553927628";"37.542896";"127.061099";"27.20690052670094";"12.196499553927628";"image-17_53_9.jpg";"https://kf.kobotoolbox.org/api/v2/assets/a4e7otemHkwX3FFoUrn4T7/data/801928203/attachments/attgohsEAoY9fcgm6A8Kds65/";"image-17_53_20.jpg";"https://kf.kobotoolbox.org/api/v2/assets/a4e7otemHkwX3FFoUrn4T7/data/801928203/attachments/att5Lu7Kdp5R9byVRB4WjS2J/";"Wood";"";"Board / plank";"";"More than 20 items";"Very large (needs tools/vehicle)";"0";"0";"0";"1";"0";"0";"0";"";"";"801928203";"6417c1b7-25f4-479c-8678-c1ce7186b0b9";"2026-07-04T08:54:20";"";"submitted_via_web";"";"vHJo9TTmpXYnZikArJN6jE";"uuid:6417c1b7-25f4-479c-8678-c1ce7186b0b9";"21"
"2026-07-04T17:50:51.267+09:00";"2026-07-04T17:55:52.613+09:00";"Corrugated Plastic Sheets";"2026-07-04T17:52:00+09:00";"37.620921 127.074623 24.653543972059552 25.03515005129917";"37.620921";"127.074623";"24.653543972059552";"25.03515005129917";"image-17_52_39.jpg";"https://kf.kobotoolbox.org/api/v2/assets/a4e7otemHkwX3FFoUrn4T7/data/801929188/attachments/attpru9MzLHnay5DBVZXynrQ/";"image-17_52_52.jpg";"https://kf.kobotoolbox.org/api/v2/assets/a4e7otemHkwX3FFoUrn4T7/data/801929188/attachments/attnEyjJb2weiZdetVfe8txC/";"Plastic";"";"Sheet / panel";"";"2-5 items";"Large (needs two people)";"1";"0";"0";"0";"0";"0";"0";"Facade";"";"801929188";"ab0f103d-a760-49b4-81b1-0f3fc65515fd";"2026-07-04T08:55:55";"";"submitted_via_web";"";"vHJo9TTmpXYnZikArJN6jE";"uuid:ab0f103d-a760-49b4-81b1-0f3fc65515fd";"22"
"2026-07-04T17:55:52.665+09:00";"2026-07-04T18:08:55.252+09:00";"Wooden Board";"2026-07-04T18:07:00+09:00";"37.62061 127.074712 24.42603871374657 40.981824049096396";"37.62061";"127.074712";"24.42603871374657";"40.981824049096396";"IMG_0929-18_8_7.jpeg";"https://kf.kobotoolbox.org/api/v2/assets/a4e7otemHkwX3FFoUrn4T7/data/801936313/attachments/attsPQbwSmNiNbkwTt2Ue7TF/";"IMG_0936-18_8_14.jpeg";"https://kf.kobotoolbox.org/api/v2/assets/a4e7otemHkwX3FFoUrn4T7/data/801936313/attachments/attKGHzKRgDpgmY4oHnvpkKY/";"Wood";"";"Board / plank";"";"2-5 items";"Mixed sizes";"1";"0";"0";"0";"0";"0";"0";"furniture, structure";"";"801936313";"5554ab1b-897d-4b59-b329-ea25d0d59073";"2026-07-04T09:09:02";"";"submitted_via_web";"";"vHJo9TTmpXYnZikArJN6jE";"uuid:5554ab1b-897d-4b59-b329-ea25d0d59073";"23"
"2026-07-04T18:08:55.318+09:00";"2026-07-04T18:11:26.901+09:00";"Cardboard Box";"2026-07-04T18:09:00+09:00";"37.620843 127.074653 24.401647283455873 24.991550930103973";"37.620843";"127.074653";"24.401647283455873";"24.991550930103973";"IMG_0930-18_10_3.jpeg";"https://kf.kobotoolbox.org/api/v2/assets/a4e7otemHkwX3FFoUrn4T7/data/801937976/attachments/attLZeXSuSyP7WvqARWSFAbb/";"IMG_0931-18_10_8.jpeg";"https://kf.kobotoolbox.org/api/v2/assets/a4e7otemHkwX3FFoUrn4T7/data/801937976/attachments/attaaEEXgRcPZKoi5pzBAXKv/";"Paper / Cardboard";"";"Container / box / crate";"";"6-20 items";"Medium (can be carried by one person)";"0";"0";"0";"0";"0";"1";"0";"Facade";"";"801937976";"51728a72-d0d9-4974-8688-5d4f70133dc8";"2026-07-04T09:11:31";"";"submitted_via_web";"";"vHJo9TTmpXYnZikArJN6jE";"uuid:51728a72-d0d9-4974-8688-5d4f70133dc8";"24"
"2026-07-04T11:13:49.803+09:00";"2026-07-04T18:13:16.761+09:00";"Plastic";"2026-07-04T18:12:00+09:00";"37.524409 126.966161 21.98437529989219 8.41215331209681";"37.524409";"126.966161";"21.98437529989219";"8.41215331209681";"IMG_5896-18_12_24.jpeg";"https://kf.kobotoolbox.org/api/v2/assets/a4e7otemHkwX3FFoUrn4T7/data/801939053/attachments/attr6mZXeGGnLaJLydPgDzXv/";"IMG_5895-18_12_29.jpeg";"https://kf.kobotoolbox.org/api/v2/assets/a4e7otemHkwX3FFoUrn4T7/data/801939053/attachments/att6hGSMYb6et7cq2XvzVApM/";"Plastic";"";"Bottle / can / vessel";"";"6-20 items";"Medium (can be carried by one person)";"0";"1";"0";"0";"0";"0";"0";"";"";"801939053";"379054eb-829e-4a3a-96cb-2bf7ec28d4fd";"2026-07-04T09:13:19";"";"submitted_via_web";"";"vHJo9TTmpXYnZikArJN6jE";"uuid:379054eb-829e-4a3a-96cb-2bf7ec28d4fd";"25"
"2026-07-04T18:11:26.952+09:00";"2026-07-04T18:13:29.667+09:00";"Sheet Roll";"2026-07-04T18:11:00+09:00";"37.62085 127.074653 24.816597031785207 24.986808211843265";"37.62085";"127.074653";"24.816597031785207";"24.986808211843265";"IMG_0932-18_12_14.jpeg";"https://kf.kobotoolbox.org/api/v2/assets/a4e7otemHkwX3FFoUrn4T7/data/801939177/attachments/attJkDXodmwTu7Y62BqbEC6Q/";"IMG_0933-18_12_19.jpeg";"https://kf.kobotoolbox.org/api/v2/assets/a4e7otemHkwX3FFoUrn4T7/data/801939177/attachments/attrp9S59tBsWFcGtfnxTrsy/";"Composite / Mixed";"";"Sheet / panel";"";"Single item";"Medium (can be carried by one person)";"0";"1";"0";"0";"0";"0";"0";"Facade";"";"801939177";"9be076fa-e087-4cc7-b602-4d230b5aad2b";"2026-07-04T09:13:33";"";"submitted_via_web";"";"vHJo9TTmpXYnZikArJN6jE";"uuid:9be076fa-e087-4cc7-b602-4d230b5aad2b";"26"
"2026-07-04T18:13:29.713+09:00";"2026-07-04T18:15:32.314+09:00";"Box";"2026-07-04T18:14:00+09:00";"37.620914 127.074751 24.22127916663885 23.03464992018734";"37.620914";"127.074751";"24.22127916663885";"23.03464992018734";"IMG_0934-18_14_20.jpeg";"https://kf.kobotoolbox.org/api/v2/assets/a4e7otemHkwX3FFoUrn4T7/data/801940652/attachments/att88fMHQqeTperrGfEyBTGa/";"IMG_0935-18_14_29.jpeg";"https://kf.kobotoolbox.org/api/v2/assets/a4e7otemHkwX3FFoUrn4T7/data/801940652/attachments/attVS83hc2dz8KPRwuox5JqW/";"Paper / Cardboard";"";"Container / box / crate";"";"6-20 items";"Large (needs two people)";"1";"0";"0";"0";"0";"0";"0";"Installation";"";"801940652";"97754b43-261b-4950-9dbb-163c0b7f121b";"2026-07-04T09:15:35";"";"submitted_via_web";"";"vHJo9TTmpXYnZikArJN6jE";"uuid:97754b43-261b-4950-9dbb-163c0b7f121b";"27"
"2026-07-04T18:15:32.367+09:00";"2026-07-04T18:17:43.742+09:00";"Tile";"2026-07-04T18:16:00+09:00";"37.621075 127.074531 24.842383591068312 25.003046850203287";"37.621075";"127.074531";"24.842383591068312";"25.003046850203287";"IMG_0928-18_16_13.jpeg";"https://kf.kobotoolbox.org/api/v2/assets/a4e7otemHkwX3FFoUrn4T7/data/801942091/attachments/attEk4RKTAJtpNsfSNdN6CW5/";"image-18_16_29.jpg";"https://kf.kobotoolbox.org/api/v2/assets/a4e7otemHkwX3FFoUrn4T7/data/801942091/attachments/attLKkscLBrLCym4vRELcPdB/";"Ceramic / Tile / Brick";"";"Fragment / broken piece";"";"2-5 items";"Medium (can be carried by one person)";"0";"1";"0";"0";"0";"0";"0";"Furniture, installation";"";"801942091";"4bdcd589-c46a-449b-bed1-27685c342829";"2026-07-04T09:17:46";"";"submitted_via_web";"";"vHJo9TTmpXYnZikArJN6jE";"uuid:4bdcd589-c46a-449b-bed1-27685c342829";"28"
"2026-07-04T18:13:16.796+09:00";"2026-07-04T18:15:12.116+09:00";"Box";"2026-07-04T18:14:00+09:00";"37.524605 126.965473 23.103292929554847 19.38472678548371";"37.524605";"126.965473";"23.103292929554847";"19.38472678548371";"IMG_5898-18_14_32.jpeg";"https://kf.kobotoolbox.org/api/v2/assets/a4e7otemHkwX3FFoUrn4T7/data/801942846/attachments/attU3SMEkdveGneDWL7bfd6z/";"IMG_5897-18_14_24.jpeg";"https://kf.kobotoolbox.org/api/v2/assets/a4e7otemHkwX3FFoUrn4T7/data/801942846/attachments/attatV2WggUQs2BvSk9BunwH/";"Paper / Cardboard";"";"Container / box / crate";"";"More than 20 items";"Mixed sizes";"0";"0";"0";"1";"0";"0";"0";"";"";"801942846";"0b6fad3c-7151-4b51-a3a9-e13d90fc6726";"2026-07-04T09:19:09";"";"submitted_via_web";"";"vHJo9TTmpXYnZikArJN6jE";"uuid:0b6fad3c-7151-4b51-a3a9-e13d90fc6726";"29"
"2026-07-04T17:54:00.636+09:00";"2026-07-04T18:23:02.026+09:00";"Rubber";"2026-07-04T18:22:00+09:00";"37.544347 127.058785 28.416121665835384 4.817845697223465";"37.544347";"127.058785";"28.416121665835384";"4.817845697223465";"image-18_22_21.jpg";"https://kf.kobotoolbox.org/api/v2/assets/a4e7otemHkwX3FFoUrn4T7/data/801945415/attachments/att8afgVkvrRybWSukPCsgUF/";"image-18_22_30.jpg";"https://kf.kobotoolbox.org/api/v2/assets/a4e7otemHkwX3FFoUrn4T7/data/801945415/attachments/attZ3mLW4eZgVLZ2LZbTFw3T/";"Other";"Rubber";"Tube / pipe";"";"2-5 items";"Medium (can be carried by one person)";"0";"1";"0";"0";"0";"0";"0";"";"";"801945415";"ed2e630f-630a-48c2-acee-ea4053e87fa9";"2026-07-04T09:23:07";"";"submitted_via_web";"";"vHJo9TTmpXYnZikArJN6jE";"uuid:ed2e630f-630a-48c2-acee-ea4053e87fa9";"30"
"2026-07-04T18:17:43.787+09:00";"2026-07-04T18:24:11.358+09:00";"Rubber Slippers";"2026-07-04T18:21:00+09:00";"37.619857 127.074977 24.91928548468659 17.817704005655948";"37.619857";"127.074977";"24.91928548468659";"17.817704005655948";"IMG_0938-18_21_52.jpeg";"https://kf.kobotoolbox.org/api/v2/assets/a4e7otemHkwX3FFoUrn4T7/data/801946040/attachments/attVFFLJAgkmvc2GuaupuUix/";"IMG_0939-18_21_57.jpeg";"https://kf.kobotoolbox.org/api/v2/assets/a4e7otemHkwX3FFoUrn4T7/data/801946040/attachments/attjE25PPeTj9RroSeYJa5fi/";"Foam / Insulation";"";"Other";"Shoes";"2-5 items";"Small (fits in one hand)";"1";"0";"0";"0";"0";"0";"0";"structure";"";"801946040";"7b8e8013-93d0-45dc-b304-da46b87fc82d";"2026-07-04T09:24:15";"";"submitted_via_web";"";"vHJo9TTmpXYnZikArJN6jE";"uuid:7b8e8013-93d0-45dc-b304-da46b87fc82d";"31"
"2026-07-04T18:23:02.066+09:00";"2026-07-04T18:25:48.931+09:00";"Fabric";"2026-07-04T18:24:00+09:00";"37.545032 127.059681 17.922054126574437 9.427369533224493";"37.545032";"127.059681";"17.922054126574437";"9.427369533224493";"image-18_25_1.jpg";"https://kf.kobotoolbox.org/api/v2/assets/a4e7otemHkwX3FFoUrn4T7/data/801947053/attachments/attRnNTRWDtkDeonCY3kZoi2/";"image-18_25_9.jpg";"https://kf.kobotoolbox.org/api/v2/assets/a4e7otemHkwX3FFoUrn4T7/data/801947053/attachments/attQf6TxsA4enJ2miUPiA3N4/";"Foam / Insulation";"";"Fabric / flexible sheet";"";"6-20 items";"Large (needs two people)";"1";"0";"0";"0";"0";"0";"0";"";"";"801947053";"d9373b2a-0ac4-4372-a47f-5745f60aa4d3";"2026-07-04T09:25:53";"";"submitted_via_web";"";"vHJo9TTmpXYnZikArJN6jE";"uuid:d9373b2a-0ac4-4372-a47f-5745f60aa4d3";"32"
"2026-07-04T18:25:48.973+09:00";"2026-07-04T18:28:13.586+09:00";"Electric";"2026-07-04T18:27:00+09:00";"37.545821 127.060054 30.84666796263581 47.71059696083668";"37.545821";"127.060054";"30.84666796263581";"47.71059696083668";"image-18_27_45.jpg";"https://kf.kobotoolbox.org/api/v2/assets/a4e7otemHkwX3FFoUrn4T7/data/801948290/attachments/attG7UZqZzyQFbKCdhjCxa2R/";"image-18_27_54.jpg";"https://kf.kobotoolbox.org/api/v2/assets/a4e7otemHkwX3FFoUrn4T7/data/801948290/attachments/attUXQzmxoywh4b5URRM8mVV/";"Electronic / Appliance";"";"Electronic device/component";"";"More than 20 items";"Medium (can be carried by one person)";"0";"0";"1";"0";"0";"0";"0";"";"";"801948290";"4eeb5919-40f2-4f39-97a2-cba0cd8acf8b";"2026-07-04T09:28:18";"";"submitted_via_web";"";"vHJo9TTmpXYnZikArJN6jE";"uuid:4eeb5919-40f2-4f39-97a2-cba0cd8acf8b";"33"
"2026-07-04T18:24:11.416+09:00";"2026-07-04T18:31:14.987+09:00";"Commercial Signboard";"2026-07-04T18:27:00+09:00";"37.61986 127.074987 24.84570786692202 28.441080852768255";"37.61986";"127.074987";"24.84570786692202";"28.441080852768255";"IMG_0940-18_27_57.jpeg";"https://kf.kobotoolbox.org/api/v2/assets/a4e7otemHkwX3FFoUrn4T7/data/801949935/attachments/attoiNHJKpPEFZfXgpaAZdzV/";"IMG_0942-18_28_3.jpeg";"https://kf.kobotoolbox.org/api/v2/assets/a4e7otemHkwX3FFoUrn4T7/data/801949935/attachments/attHyqPA9yg9pmzHHkfWagbb/";"Composite / Mixed";"";"Container / box / crate";"";"Single item";"Very large (needs tools/vehicle)";"0";"0";"0";"1";"0";"0";"1";"Can be used as a macro-scale luminous wall element or a heavy structural base block.⁠";"Has exposed electrical wires and sharp metal edges. Needs safe removal of wires and edge-taping before assembly. Found near a telecom store.⁠";"801949935";"afc93481-eee7-4204-a6ac-a1d20aff5842";"2026-07-04T09:31:19";"";"submitted_via_web";"";"vHJo9TTmpXYnZikArJN6jE";"uuid:afc93481-eee7-4204-a6ac-a1d20aff5842";"34"
"2026-07-03T22:37:44.734+09:00";"2026-07-04T19:16:49.331+09:00";"unused pallet";"2026-07-04T19:14:00+09:00";"37.554674 127.136507 41.96863957449092 3.1391197392045913";"37.554674";"127.136507";"41.96863957449092";"3.1391197392045913";"IMG_4199-19_14_44.jpeg";"https://kf.kobotoolbox.org/api/v2/assets/a4e7otemHkwX3FFoUrn4T7/data/801976634/attachments/att8qmuh7ga7BAqo6d2k46Ag/";"IMG_4200-19_14_49.jpeg";"https://kf.kobotoolbox.org/api/v2/assets/a4e7otemHkwX3FFoUrn4T7/data/801976634/attachments/attv2Tc7CXyU8DSTkHjwX2ob/";"Wood";"";"Board / plank";"";"6-20 items";"Large (needs two people)";"1";"0";"0";"0";"0";"0";"0";"temporary structure foundation";"";"801976634";"0f37b7b4-0e96-49b3-becb-1d75aaf8d979";"2026-07-04T10:16:53";"";"submitted_via_web";"";"vHJo9TTmpXYnZikArJN6jE";"uuid:0f37b7b4-0e96-49b3-becb-1d75aaf8d979";"35"
"2026-07-04T19:16:49.367+09:00";"2026-07-04T19:36:47.940+09:00";"outdoor unit of an air-conditioner";"2026-07-04T19:33:00+09:00";"37.55115 127.128823 34.9 39.999999999998494";"37.55115";"127.128823";"34.9";"39.999999999998494";"IMG_4202-19_33_53.jpeg";"https://kf.kobotoolbox.org/api/v2/assets/a4e7otemHkwX3FFoUrn4T7/data/801989075/attachments/attNiURy9or49XN2XLgAz8Ha/";"IMG_4203-19_34_2.jpeg";"https://kf.kobotoolbox.org/api/v2/assets/a4e7otemHkwX3FFoUrn4T7/data/801989075/attachments/attJcXogrAv5GtrbEr8wdDWj/";"Electronic / Appliance";"";"Mechanical part";"";"2-5 items";"Large (needs two people)";"0";"1";"0";"0";"0";"0";"0";"The fan can be detached and repurposed as a pinwheel-like component.";"Found behind a market street.";"801989075";"a74007f5-99dc-4fc0-9953-a16ea0990097";"2026-07-04T10:36:50";"";"submitted_via_web";"";"vHJo9TTmpXYnZikArJN6jE";"uuid:a74007f5-99dc-4fc0-9953-a16ea0990097";"36"
"2026-07-04T19:36:47.959+09:00";"2026-07-04T20:11:33.046+09:00";"air conditioner compartment (Louver)";"2026-07-04T20:09:00+09:00";"37.542345 127.131724 38.51421303742031 19.919844496720298";"37.542345";"127.131724";"38.51421303742031";"19.919844496720298";"IMG_4210-20_9_22.jpeg";"https://kf.kobotoolbox.org/api/v2/assets/a4e7otemHkwX3FFoUrn4T7/data/802007984/attachments/attsMdTjyXVELdntnhdrA4qu/";"IMG_4208-20_9_27.jpeg";"https://kf.kobotoolbox.org/api/v2/assets/a4e7otemHkwX3FFoUrn4T7/data/802007984/attachments/attp5ez7yDiykw59ELsPMMJS/";"Electronic / Appliance";"";"Electronic device/component";"";"6-20 items";"Medium (can be carried by one person)";"1";"0";"0";"0";"0";"0";"0";"Air conditioner louvers can be detached and reused as shading filter";"Found behind a market street.";"802007984";"211d8883-6e25-4c89-ab38-6aac5dc4a999";"2026-07-04T11:11:36";"";"submitted_via_web";"";"vHJo9TTmpXYnZikArJN6jE";"uuid:211d8883-6e25-4c89-ab38-6aac5dc4a999";"37"
"2026-07-04T20:11:33.066+09:00";"2026-07-04T20:26:00.462+09:00";"umbrella";"2026-07-04T20:15:00+09:00";"37.542141 127.131449 42.70711898721219 22.136084413327733";"37.542141";"127.131449";"42.70711898721219";"22.136084413327733";"IMG_4211-20_15_11.jpeg";"https://kf.kobotoolbox.org/api/v2/assets/a4e7otemHkwX3FFoUrn4T7/data/802017008/attachments/attBPj3AqBdpCfrxdvmDQxWM/";"IMG_4212-20_15_16.jpeg";"https://kf.kobotoolbox.org/api/v2/assets/a4e7otemHkwX3FFoUrn4T7/data/802017008/attachments/attkiVujdKB9EcwvkN5wpWnX/";"Composite / Mixed";"";"Frame";"";"More than 20 items";"Small (fits in one hand)";"1";"1";"1";"0";"0";"0";"0";"lightweight rib structure itself. and The inverted umbrella functions as a rainwater collector.";"founded in collective housing";"802017008";"3b5b16a9-656d-4f4c-acde-5748689022a2";"2026-07-04T11:26:04";"";"submitted_via_web";"";"vHJo9TTmpXYnZikArJN6jE";"uuid:3b5b16a9-656d-4f4c-acde-5748689022a2";"38"
"2026-07-04T20:26:00.480+09:00";"2026-07-04T20:34:58.972+09:00";"Truck's heads";"2026-07-04T16:22:00+09:00";"37.55379918141142 127.06542395976409 0 0";"37.55379918141142";"127.06542395976409";"0";"0";"IMG_4194-20_32_20.jpeg";"https://kf.kobotoolbox.org/api/v2/assets/a4e7otemHkwX3FFoUrn4T7/data/802023386/attachments/attWKAPWCptAfpWXfEU9fAhp/";"IMG_4356-20_33_21.jpeg";"https://kf.kobotoolbox.org/api/v2/assets/a4e7otemHkwX3FFoUrn4T7/data/802023386/attachments/attvPQThgMWjjySRH7yt6UvZ/";"Metal";"";"Mechanical part";"";"More than 20 items";"Very large (needs tools/vehicle)";"0";"0";"1";"1";"0";"0";"0";"I just posted them for fun because they reminded me of Ron Mueck’s work. HAHA";"";"802023386";"ebfb27ad-8a03-467c-93ef-159aafe67547";"2026-07-04T11:35:03";"";"submitted_via_web";"";"vHJo9TTmpXYnZikArJN6jE";"uuid:ebfb27ad-8a03-467c-93ef-159aafe67547";"39"
"2026-07-04T16:15:12.004+09:00";"2026-07-04T22:34:34.003+09:00";"shelf";"2026-07-04T22:33:00+09:00";"37.598836 127.05646 49.28172249960343 13.206232843217748";"37.598836";"127.05646";"49.28172249960343";"13.206232843217748";"image-22_33_32.jpg";"https://kf.kobotoolbox.org/api/v2/assets/a4e7otemHkwX3FFoUrn4T7/data/802095381/attachments/attbfQNwfEFz92ZsPT9g9SJh/";"image-22_33_41.jpg";"https://kf.kobotoolbox.org/api/v2/assets/a4e7otemHkwX3FFoUrn4T7/data/802095381/attachments/atti6qjtf4soEiPt8jaS2igu/";"Wood";"";"Other";"";"Single item";"Medium (can be carried by one person)";"0";"1";"0";"0";"0";"0";"0";"";"";"802095381";"9f83daea-09f8-48bf-9ed5-e28cd1f29ab5";"2026-07-04T13:34:36";"";"submitted_via_web";"";"vHJo9TTmpXYnZikArJN6jE";"uuid:9f83daea-09f8-48bf-9ed5-e28cd1f29ab5";"40"
"2026-07-04T22:34:34.038+09:00";"2026-07-04T22:36:55.460+09:00";"Sytrofoam box";"2026-07-04T22:36:00+09:00";"37.598494 127.05646 46.33594534785362 13.985875195149681";"37.598494";"127.05646";"46.33594534785362";"13.985875195149681";"IMG_6290-22_36_25.jpeg";"https://kf.kobotoolbox.org/api/v2/assets/a4e7otemHkwX3FFoUrn4T7/data/802096962/attachments/att7Y2judv6c7BDXa2rrCjXP/";"IMG_6291-22_36_30.jpeg";"https://kf.kobotoolbox.org/api/v2/assets/a4e7otemHkwX3FFoUrn4T7/data/802096962/attachments/att8BnZzzhtXaqyhE7n9jmHY/";"Foam / Insulation";"";"Container / box / crate";"";"Single item";"Medium (can be carried by one person)";"0";"1";"0";"0";"0";"0";"0";"";"";"802096962";"926113fb-dd19-485e-8450-b4fe7635a857";"2026-07-04T13:36:58";"";"submitted_via_web";"";"vHJo9TTmpXYnZikArJN6jE";"uuid:926113fb-dd19-485e-8450-b4fe7635a857";"41"
"2026-07-04T22:36:55.500+09:00";"2026-07-04T22:45:22.761+09:00";"Plastic basket";"2026-07-04T22:44:00+09:00";"37.598422 127.057497 43.52492985843459 22.213042824557917";"37.598422";"127.057497";"43.52492985843459";"22.213042824557917";"image-22_44_31.jpg";"https://kf.kobotoolbox.org/api/v2/assets/a4e7otemHkwX3FFoUrn4T7/data/802101812/attachments/attSnQAoXKMBq7vxvkYAnxCm/";"image-22_44_38.jpg";"https://kf.kobotoolbox.org/api/v2/assets/a4e7otemHkwX3FFoUrn4T7/data/802101812/attachments/attg46zYZtiT6o8xFNzz83xu/";"Plastic";"";"Container / box / crate";"";"6-20 items";"Medium (can be carried by one person)";"0";"1";"0";"0";"0";"0";"0";"";"";"802101812";"3121fdf2-bf49-483b-b9f6-297375b51177";"2026-07-04T13:45:41";"";"submitted_via_web";"";"vHJo9TTmpXYnZikArJN6jE";"uuid:3121fdf2-bf49-483b-b9f6-297375b51177";"42"
"2026-07-04T22:45:22.813+09:00";"2026-07-04T22:55:08.445+09:00";"Iron metal frame";"2026-07-04T22:54:00+09:00";"37.595129 127.059274 52.040050530806184 10.925009442738553";"37.595129";"127.059274";"52.040050530806184";"10.925009442738553";"image-22_54_20.jpg";"https://kf.kobotoolbox.org/api/v2/assets/a4e7otemHkwX3FFoUrn4T7/data/802107868/attachments/attH3E8FSbtKMNNgFLC2mJVK/";"image-22_54_29.jpg";"https://kf.kobotoolbox.org/api/v2/assets/a4e7otemHkwX3FFoUrn4T7/data/802107868/attachments/attYyhc3LUqpszkRdMuguiTz/";"Metal";"";"Profile / beam / bar";"";"2-5 items";"Large (needs two people)";"0";"0";"1";"0";"0";"0";"0";"Structure";"";"802107868";"6e13fb69-8f62-4866-9dd9-9d161d1c4099";"2026-07-04T13:55:12";"";"submitted_via_web";"";"vHJo9TTmpXYnZikArJN6jE";"uuid:6e13fb69-8f62-4866-9dd9-9d161d1c4099";"43"
"2026-07-04T22:55:08.495+09:00";"2026-07-04T22:59:18.637+09:00";"Brick";"2026-07-04T22:58:00+09:00";"37.593899 127.058769 35.0080051664263 21.767766507464174";"37.593899";"127.058769";"35.0080051664263";"21.767766507464174";"image-22_58_21.jpg";"https://kf.kobotoolbox.org/api/v2/assets/a4e7otemHkwX3FFoUrn4T7/data/802110496/attachments/attkuKkbtGPuLf6t7KF9X7hD/";"image-22_58_32.jpg";"https://kf.kobotoolbox.org/api/v2/assets/a4e7otemHkwX3FFoUrn4T7/data/802110496/attachments/attU9FA3vAmnZm3KqmVs9rkF/";"Ceramic / Tile / Brick";"";"Block / brick / tile";"";"2-5 items";"Medium (can be carried by one person)";"0";"0";"0";"1";"0";"0";"0";"Structure, furniture";"";"802110496";"dd790a2d-fe23-4b3d-b6b2-5ec8d77423a7";"2026-07-04T13:59:21";"";"submitted_via_web";"";"vHJo9TTmpXYnZikArJN6jE";"uuid:dd790a2d-fe23-4b3d-b6b2-5ec8d77423a7";"44"
"2026-07-04T22:59:18.677+09:00";"2026-07-04T23:02:06.772+09:00";"Coconut";"2026-07-04T23:00:00+09:00";"37.594021 127.058617 39.42145001888275 38.552002024448946";"37.594021";"127.058617";"39.42145001888275";"38.552002024448946";"image-23_0_21.jpg";"https://kf.kobotoolbox.org/api/v2/assets/a4e7otemHkwX3FFoUrn4T7/data/802112223/attachments/attuzhiYe6hAsSs3BYyxSnor/";"image-23_0_47.jpg";"https://kf.kobotoolbox.org/api/v2/assets/a4e7otemHkwX3FFoUrn4T7/data/802112223/attachments/attYDLMeB9SsqRvMpsq9NtYW/";"Organic / Plant";"";"Other";"Organic shell";"Single item";"Small (fits in one hand)";"0";"0";"1";"1";"0";"0";"0";"Furniture";"";"802112223";"15c73749-b8a7-4d6e-88b2-2e560e6bd11b";"2026-07-04T14:02:12";"";"submitted_via_web";"";"vHJo9TTmpXYnZikArJN6jE";"uuid:15c73749-b8a7-4d6e-88b2-2e560e6bd11b";"45"
"2026-07-04T23:02:06.809+09:00";"2026-07-04T23:06:46.950+09:00";"Tile";"2026-07-04T23:05:00+09:00";"37.592604 127.057769 58.643528007902205 21.767766507464174";"37.592604";"127.057769";"58.643528007902205";"21.767766507464174";"image-23_5_25.jpg";"https://kf.kobotoolbox.org/api/v2/assets/a4e7otemHkwX3FFoUrn4T7/data/802115071/attachments/attvfa8fhHPQinnyanwdsX52/";"image-23_5_32.jpg";"https://kf.kobotoolbox.org/api/v2/assets/a4e7otemHkwX3FFoUrn4T7/data/802115071/attachments/attTfS88jmSRXZGkArfsDkGZ/";"Wood";"";"Frame";"";"2-5 items";"Small (fits in one hand)";"0";"0";"1";"0";"0";"0";"0";"Structure";"";"802115071";"740573a5-8844-490d-b068-e254a26cc37c";"2026-07-04T14:06:49";"";"submitted_via_web";"";"vHJo9TTmpXYnZikArJN6jE";"uuid:740573a5-8844-490d-b068-e254a26cc37c";"46"
"2026-07-04T23:06:46.999+09:00";"2026-07-04T23:11:28.202+09:00";"Bulb";"2026-07-04T23:10:00+09:00";"37.591458 127.057101 27.611255668103695 22.491572675714703";"37.591458";"127.057101";"27.611255668103695";"22.491572675714703";"image-23_10_10.jpg";"https://kf.kobotoolbox.org/api/v2/assets/a4e7otemHkwX3FFoUrn4T7/data/802118567/attachments/atth75dB4aUotTWuXimkbZ7X/";"image-23_10_19.jpg";"https://kf.kobotoolbox.org/api/v2/assets/a4e7otemHkwX3FFoUrn4T7/data/802118567/attachments/attcwr6RcxuPQhhyj8yokucc/";"Glass";"";"Electronic device/component";"";"More than 20 items";"Small (fits in one hand)";"0";"1";"0";"0";"0";"0";"0";"";"";"802118567";"067fb734-39e1-4d50-8c27-55a9e47c238a";"2026-07-04T14:12:35";"";"submitted_via_web";"";"vHJo9TTmpXYnZikArJN6jE";"uuid:067fb734-39e1-4d50-8c27-55a9e47c238a";"47"
"2026-07-04T23:11:28.240+09:00";"2026-07-04T23:17:05.335+09:00";"Plastic pallet";"2026-07-04T23:15:00+09:00";"37.590527 127.05641 42.66157715145329 29.796501725910094";"37.590527";"127.05641";"42.66157715145329";"29.796501725910094";"image-23_16_4.jpg";"https://kf.kobotoolbox.org/api/v2/assets/a4e7otemHkwX3FFoUrn4T7/data/802121163/attachments/attNM3mNqo42RqsDjAjtdXiB/";"image-23_16_13.jpg";"https://kf.kobotoolbox.org/api/v2/assets/a4e7otemHkwX3FFoUrn4T7/data/802121163/attachments/attDyuvY7ggSXswGVZXTeNjS/";"Plastic";"";"Board / plank";"";"6-20 items";"Very large (needs tools/vehicle)";"0";"1";"0";"0";"0";"0";"0";"Structure";"";"802121163";"cd65090f-71b9-46d3-b788-b209243f7ebc";"2026-07-04T14:17:07";"";"submitted_via_web";"";"vHJo9TTmpXYnZikArJN6jE";"uuid:cd65090f-71b9-46d3-b788-b209243f7ebc";"48"
"2026-07-04T08:55:29.665+09:00";"2026-07-05T00:30:50.388+09:00";"Steel A-Frame Sign";"2026-07-04T21:00:00+09:00";"37.5581373 126.9370567 0 0";"37.5581373";"126.9370567";"0";"0";"20260704_213350-0_24_4.jpg";"https://kf.kobotoolbox.org/api/v2/assets/a4e7otemHkwX3FFoUrn4T7/data/802168530/attachments/attdqj8TvAervjK2x7BafTVm/";"20260704_213354-0_24_9.jpg";"https://kf.kobotoolbox.org/api/v2/assets/a4e7otemHkwX3FFoUrn4T7/data/802168530/attachments/attDnoMN3kK9Kiw5CbDxBcRx/";"Composite / Mixed";"";"Frame";"";"2-5 items";"Medium (can be carried by one person)";"0";"0";"0";"1";"0";"0";"0";"The sign frame can be repurposed as a planar member, while components with a single hole can be utilized as a structural element by inserting a rod into the aperture to achieve combinatorial stability.";"";"802168530";"79f5a831-6b8f-4f16-953f-936fd2442587";"2026-07-04T15:30:53";"";"submitted_via_web";"";"vHJo9TTmpXYnZikArJN6jE";"uuid:79f5a831-6b8f-4f16-953f-936fd2442587";"49"
"2026-07-05T00:30:50.459+09:00";"2026-07-05T00:40:30.372+09:00";"Discarded Signboard Steel Frame";"2026-07-04T21:15:00+09:00";"37.5581373 126.9370567 0 0";"37.5581373";"126.9370567";"0";"0";"20260704_211340-0_37_59.jpg";"https://kf.kobotoolbox.org/api/v2/assets/a4e7otemHkwX3FFoUrn4T7/data/802174595/attachments/attqZzcFZAx4UbLXWTzvL5dz/";"20260704_211335-0_38_35.jpg";"https://kf.kobotoolbox.org/api/v2/assets/a4e7otemHkwX3FFoUrn4T7/data/802174595/attachments/attNR7vhFucLyzunR469rLL4/";"Metal";"";"Frame";"";"Single item";"Medium (can be carried by one person)";"0";"0";"0";"1";"0";"0";"0";"The sign frame can be repurposed as a planar member for temporary installations";"";"802174595";"ded32987-10c6-46d8-8aa3-71535336a018";"2026-07-04T15:40:33";"";"submitted_via_web";"";"vHJo9TTmpXYnZikArJN6jE";"uuid:ded32987-10c6-46d8-8aa3-71535336a018";"50"
"2026-07-05T00:40:30.439+09:00";"2026-07-05T00:44:23.777+09:00";"Abandoned Signboard Fabric";"2026-07-04T21:10:00+09:00";"37.5577489 126.9379468 0 0";"37.5577489";"126.9379468";"0";"0";"20260704_213501-0_41_42.jpg";"https://kf.kobotoolbox.org/api/v2/assets/a4e7otemHkwX3FFoUrn4T7/data/802177207/attachments/attRiXoxrzSJHbEboXYcBFco/";"20260704_213501-0_42_5.jpg";"https://kf.kobotoolbox.org/api/v2/assets/a4e7otemHkwX3FFoUrn4T7/data/802177207/attachments/att8pVi8HcFS6Nbnc8tsHneG/";"Textile";"";"Fabric / flexible sheet";"";"Single item";"Medium (can be carried by one person)";"0";"0";"0";"0";"0";"1";"0";"The cleaned fabric can be utilized as a flexible skin, lightweight canopy, or tensile membrane. It can be combined with linear structural members";"";"802177207";"6e7b8a44-6c2a-4ea6-8885-75c99d48f107";"2026-07-04T15:44:26";"";"submitted_via_web";"";"vHJo9TTmpXYnZikArJN6jE";"uuid:6e7b8a44-6c2a-4ea6-8885-75c99d48f107";"51"
"2026-07-05T06:53:57.254+09:00";"2026-07-05T06:56:14.542+09:00";"Red Brick";"2026-07-05T06:54:00+09:00";"37.62485 127.077566 34.75889975566365 13.468966988680553";"37.62485";"127.077566";"34.75889975566365";"13.468966988680553";"IMG_0951-6_54_22.jpeg";"https://kf.kobotoolbox.org/api/v2/assets/a4e7otemHkwX3FFoUrn4T7/data/802326877/attachments/attxcVVYs3uBFEdyDMoPM22U/";"IMG_0952-6_54_28.jpeg";"https://kf.kobotoolbox.org/api/v2/assets/a4e7otemHkwX3FFoUrn4T7/data/802326877/attachments/atthjzrmAnDgZdCCVuTuZFYC/";"Ceramic / Tile / Brick";"";"Block / brick / tile";"";"2-5 items";"Small (fits in one hand)";"1";"0";"0";"0";"0";"0";"0";"structural base";"Common material";"802326877";"6c82787f-1b1a-4595-9b7f-d9f43971b47b";"2026-07-04T21:56:16";"";"submitted_via_web";"";"vHJo9TTmpXYnZikArJN6jE";"uuid:6c82787f-1b1a-4595-9b7f-d9f43971b47b";"52"
"2026-07-05T08:58:38.062+09:00";"2026-07-05T09:00:15.766+09:00";"Wine bottles";"2026-07-05T08:59:00+09:00";"37.559997 126.905656 22.791124853367528 2.678105367755671";"37.559997";"126.905656";"22.791124853367528";"2.678105367755671";"image-8_59_15.jpg";"https://kf.kobotoolbox.org/api/v2/assets/a4e7otemHkwX3FFoUrn4T7/data/802347233/attachments/attMCDQzTsC4CcLD8rLrDVNN/";"image-8_59_23.jpg";"https://kf.kobotoolbox.org/api/v2/assets/a4e7otemHkwX3FFoUrn4T7/data/802347233/attachments/attLXoMEU3eotUeT5fVmxTao/";"Glass";"";"Bottle / can / vessel";"";"More than 20 items";"Small (fits in one hand)";"0";"1";"0";"0";"0";"0";"0";"Bottle facade with light";"";"802347233";"bfb9b91e-661b-4abc-96f1-56f111c04ca6";"2026-07-05T00:00:18";"";"submitted_via_web";"";"vHJo9TTmpXYnZikArJN6jE";"uuid:bfb9b91e-661b-4abc-96f1-56f111c04ca6";"53"
"2026-07-05T09:00:15.789+09:00";"2026-07-05T09:02:37.882+09:00";"Styrofoam";"2026-07-05T09:01:00+09:00";"37.560641 126.905232 22.809388140588997 19.96208901173482";"37.560641";"126.905232";"22.809388140588997";"19.96208901173482";"image-9_0_41.jpg";"https://kf.kobotoolbox.org/api/v2/assets/a4e7otemHkwX3FFoUrn4T7/data/802347452/attachments/attp3RkyZHixqoKbUb4NUpYL/";"image-9_0_48.jpg";"https://kf.kobotoolbox.org/api/v2/assets/a4e7otemHkwX3FFoUrn4T7/data/802347452/attachments/attteGrPdTdt63MTiswwHRyZ/";"Foam / Insulation";"";"Container / box / crate";"";"2-5 items";"Medium (can be carried by one person)";"0";"1";"0";"0";"0";"0";"0";"Cut them into complex geometries for joinery system";"";"802347452";"5ba9ef6a-9bdb-47a6-ab2c-77d5c14b3de4";"2026-07-05T00:02:40";"";"submitted_via_web";"";"vHJo9TTmpXYnZikArJN6jE";"uuid:5ba9ef6a-9bdb-47a6-ab2c-77d5c14b3de4";"54"
"2026-07-05T06:56:14.616+09:00";"2026-07-05T09:46:50.270+09:00";"Light bulb";"2026-07-04T20:42:00+09:00";"37.624859 127.077552 35.08630678582 15.7244949446267";"37.624859";"127.077552";"35.08630678582";"15.7244949446267";"IMG_0944-9_44_25.jpeg";"https://kf.kobotoolbox.org/api/v2/assets/a4e7otemHkwX3FFoUrn4T7/data/802351138/attachments/attCWAMXnnuPSddPXZsVFa96/";"IMG_0945-9_44_34.jpeg";"https://kf.kobotoolbox.org/api/v2/assets/a4e7otemHkwX3FFoUrn4T7/data/802351138/attachments/att2Gvi4WvvoQKYGN2XcDTzo/";"Electronic / Appliance";"";"Electronic device/component";"";"Single item";"Medium (can be carried by one person)";"1";"0";"0";"0";"0";"0";"0";"Luminous wall?";"";"802351138";"4e54ab6b-c500-44bd-b179-4a1349f6e0a2";"2026-07-05T00:46:53";"";"submitted_via_web";"";"vHJo9TTmpXYnZikArJN6jE";"uuid:4e54ab6b-c500-44bd-b179-4a1349f6e0a2";"55"
"2026-07-05T21:50:08.384+09:00";"2026-07-05T21:51:20.946+09:00";"Styrofoam";"2026-07-05T21:50:00+09:00";"37.559238 126.907021 22.458964171038343 22.70808862206198";"37.559238";"126.907021";"22.458964171038343";"22.70808862206198";"image-21_50_32.jpg";"https://kf.kobotoolbox.org/api/v2/assets/a4e7otemHkwX3FFoUrn4T7/data/802590353/attachments/attTmHiqUaxxsR4eSPqtaQrW/";"image-21_50_44.jpg";"https://kf.kobotoolbox.org/api/v2/assets/a4e7otemHkwX3FFoUrn4T7/data/802590353/attachments/attnw8T2ArfUwXWtZiYLAz58/";"Foam / Insulation";"";"Container / box / crate";"";"More than 20 items";"Medium (can be carried by one person)";"0";"1";"0";"0";"0";"0";"0";"Joineries";"";"802590353";"c507b1bc-061f-4559-82a1-cae8e8ae5e2b";"2026-07-05T12:51:40";"";"submitted_via_web";"";"vHJo9TTmpXYnZikArJN6jE";"uuid:c507b1bc-061f-4559-82a1-cae8e8ae5e2b";"56"
"2026-07-04T18:28:13.622+09:00";"2026-07-06T15:38:36.943+09:00";"Sofa";"2026-07-06T15:37:00+09:00";"37.508414 127.025586 30.499935761513147 30.56461032176912";"37.508414";"127.025586";"30.499935761513147";"30.56461032176912";"image-15_36_45.jpg";"https://kf.kobotoolbox.org/api/v2/assets/a4e7otemHkwX3FFoUrn4T7/data/802956667/attachments/attvYYXhZKaVFViFLDoT3TRF/";"image-15_36_52.jpg";"https://kf.kobotoolbox.org/api/v2/assets/a4e7otemHkwX3FFoUrn4T7/data/802956667/attachments/attYzx5CpzRp8bTte44N7gAF/";"Textile";"";"Fabric / flexible sheet";"";"2-5 items";"Very large (needs tools/vehicle)";"0";"1";"0";"0";"0";"0";"0";"";"";"802956667";"c3d3cfa7-8290-45ef-85de-18c9bdee818c";"2026-07-06T06:38:48";"";"submitted_via_web";"";"vHJo9TTmpXYnZikArJN6jE";"uuid:c3d3cfa7-8290-45ef-85de-18c9bdee818c";"57"
"2026-07-06T15:38:36.986+09:00";"2026-07-06T21:36:34.701+09:00";"Cardboard";"2026-07-06T21:36:00+09:00";"37.54063 127.066729 28.130051549621225 23.168908336829254";"37.54063";"127.066729";"28.130051549621225";"23.168908336829254";"image-21_35_16.jpg";"https://kf.kobotoolbox.org/api/v2/assets/a4e7otemHkwX3FFoUrn4T7/data/803337778/attachments/attU2ny7kAWWj9D2TdSzpK2Q/";"image-21_35_23.jpg";"https://kf.kobotoolbox.org/api/v2/assets/a4e7otemHkwX3FFoUrn4T7/data/803337778/attachments/attT4sLQ2ZFfGfZvEqE3UQbZ/";"Paper / Cardboard";"";"Container / box / crate";"";"2-5 items";"Medium (can be carried by one person)";"0";"1";"0";"0";"0";"0";"0";"";"";"803337778";"1ebc980b-0b66-4a76-8539-128c14bcb613";"2026-07-06T12:36:36";"";"submitted_via_web";"";"vHJo9TTmpXYnZikArJN6jE";"uuid:1ebc980b-0b66-4a76-8539-128c14bcb613";"58"
"2026-07-06T21:36:34.736+09:00";"2026-07-06T21:37:34.272+09:00";"Cardboard";"2026-07-06T21:37:00+09:00";"37.540195 127.067785 28.536828854930828 20.76250537469833";"37.540195";"127.067785";"28.536828854930828";"20.76250537469833";"image-21_36_46.jpg";"https://kf.kobotoolbox.org/api/v2/assets/a4e7otemHkwX3FFoUrn4T7/data/803338874/attachments/attGizWDEQgUaQmG5DRLfdF2/";"image-21_36_53.jpg";"https://kf.kobotoolbox.org/api/v2/assets/a4e7otemHkwX3FFoUrn4T7/data/803338874/attachments/attFTafUkV2HC8QB3JBBDZ9G/";"Paper / Cardboard";"";"Container / box / crate";"";"More than 20 items";"Large (needs two people)";"0";"1";"0";"0";"0";"0";"0";"";"";"803338874";"76578907-4a40-451c-b3dc-51bcf74da9a7";"2026-07-06T12:37:35";"";"submitted_via_web";"";"vHJo9TTmpXYnZikArJN6jE";"uuid:76578907-4a40-451c-b3dc-51bcf74da9a7";"59"
